<?xml version="1.0" encoding="UTF-8"?><?xml-stylesheet type='text/xsl' href='_UpgradeReport_Files/UpgradeReport.xslt'?><UpgradeLog>
<Properties><Property Name="Solution" Value="borton">
</Property><Property Name="Solution File" Value="D:\Csp\borton\borton.sln">
</Property><Property Name="Date" Value="2009. december 27.">
</Property><Property Name="Time" Value="17:43">
</Property></Properties><Event ErrorLevel="0" Project="borton" Source="borton\borton.csproj" Description="Project converted successfully">
</Event><Event ErrorLevel="3" Project="borton" Source="borton\borton.csproj" Description="Converted">
</Event><Event ErrorLevel="0" Project="" Source="borton.sln" Description="Solution converted successfully">
</Event><Event ErrorLevel="3" Project="" Source="borton.sln" Description="Converted">
</Event><Event ErrorLevel="0" Project="borton" Source="borton\borton.csproj" Description="Scan complete: Upgrade not required for project files.">
</Event></UpgradeLog>