<?xml version="1.0" encoding="UTF-8"?><?xml-stylesheet type='text/xsl' href='_UpgradeReport_Files/UpgradeReport.xslt'?><UpgradeLog>
<Properties><Property Name="Solution" Value="nyuszi">
</Property><Property Name="Solution File" Value="C:\Csp\nyuszi\nyuszi.sln">
</Property><Property Name="Date" Value="2009. május 2.">
</Property><Property Name="Time" Value="13:41">
</Property></Properties><Event ErrorLevel="0" Project="nyuszi" Source="nyuszi\nyuszi.csproj" Description="Project converted successfully">
</Event><Event ErrorLevel="3" Project="nyuszi" Source="nyuszi\nyuszi.csproj" Description="Converted">
</Event><Event ErrorLevel="0" Project="" Source="nyuszi.sln" Description="Solution converted successfully">
</Event><Event ErrorLevel="3" Project="" Source="nyuszi.sln" Description="Converted">
</Event><Event ErrorLevel="0" Project="nyuszi" Source="nyuszi\nyuszi.csproj" Description="Scan complete: Upgrade not required for project files.">
</Event></UpgradeLog>