<?xml version="1.0" encoding="UTF-8"?><?xml-stylesheet type='text/xsl' href='_UpgradeReport_Files/UpgradeReport.xslt'?><UpgradeLog>
<Properties><Property Name="Solution" Value="nagyszam">
</Property><Property Name="Solution File" Value="D:\Csp\nagyszam\nagyszam.sln">
</Property><Property Name="User Options File" Value="D:\Csp\nagyszam\nagyszam.suo">
</Property><Property Name="Date" Value="2009. december 31.">
</Property><Property Name="Time" Value="12:33">
</Property></Properties><Event ErrorLevel="0" Project="" Source="nagyszam.sln" Description="File successfully backed up as D:\Csp\nagyszam\Backup\nagyszam.sln">
</Event><Event ErrorLevel="0" Project="" Source="nagyszam.suo" Description="File successfully backed up as D:\Csp\nagyszam\Backup\nagyszam.suo">
</Event><Event ErrorLevel="0" Project="nagyszam" Source="nagyszam\nagyszam.csproj" Description="Project file successfully backed up as D:\Csp\nagyszam\Backup\nagyszam\nagyszam.csproj">
</Event><Event ErrorLevel="0" Project="nagyszam" Source="nagyszam\Program.cs" Description="File successfully backed up as D:\Csp\nagyszam\Backup\nagyszam\Program.cs">
</Event><Event ErrorLevel="0" Project="nagyszam" Source="nagyszam\Properties\AssemblyInfo.cs" Description="File successfully backed up as D:\Csp\nagyszam\Backup\nagyszam\Properties\AssemblyInfo.cs">
</Event><Event ErrorLevel="0" Project="nagyszam" Source="nagyszam\nagyszam.csproj" Description="Project converted successfully">
</Event><Event ErrorLevel="3" Project="nagyszam" Source="nagyszam\nagyszam.csproj" Description="Converted">
</Event><Event ErrorLevel="0" Project="" Source="nagyszam.sln" Description="Solution converted successfully">
</Event><Event ErrorLevel="3" Project="" Source="nagyszam.sln" Description="Converted">
</Event><Event ErrorLevel="0" Project="nagyszam" Source="nagyszam\nagyszam.csproj" Description="Scan complete: Upgrade not required for project files.">
</Event></UpgradeLog>