<?xml version="1.0" encoding="UTF-8"?><?xml-stylesheet type='text/xsl' href='_UpgradeReport_Files/UpgradeReport.xslt'?><UpgradeLog>
<Properties><Property Name="Solution" Value="betukigyo">
</Property><Property Name="Solution File" Value="D:\Csp\betukigyo\betukigyo.sln">
</Property><Property Name="Date" Value="2009. december 27.">
</Property><Property Name="Time" Value="17:32">
</Property></Properties><Event ErrorLevel="0" Project="betukigyo" Source="betukigyo\betukigyo.csproj" Description="Project converted successfully">
</Event><Event ErrorLevel="3" Project="betukigyo" Source="betukigyo\betukigyo.csproj" Description="Converted">
</Event><Event ErrorLevel="0" Project="" Source="betukigyo.sln" Description="Solution converted successfully">
</Event><Event ErrorLevel="3" Project="" Source="betukigyo.sln" Description="Converted">
</Event><Event ErrorLevel="0" Project="betukigyo" Source="betukigyo\betukigyo.csproj" Description="Scan complete: Upgrade not required for project files.">
</Event></UpgradeLog>