<?xml version="1.0" encoding="UTF-8"?><?xml-stylesheet type='text/xsl' href='_UpgradeReport_Files/UpgradeReport.xslt'?><UpgradeLog>
<Properties><Property Name="Solution" Value="eletj">
</Property><Property Name="Solution File" Value="D:\Csp\eletj\eletj.sln">
</Property><Property Name="Date" Value="2009. december 27.">
</Property><Property Name="Time" Value="21:48">
</Property></Properties><Event ErrorLevel="0" Project="eletj" Source="eletj\eletj.csproj" Description="Project converted successfully">
</Event><Event ErrorLevel="3" Project="eletj" Source="eletj\eletj.csproj" Description="Converted">
</Event><Event ErrorLevel="0" Project="" Source="eletj.sln" Description="Solution converted successfully">
</Event><Event ErrorLevel="3" Project="" Source="eletj.sln" Description="Converted">
</Event><Event ErrorLevel="0" Project="eletj" Source="eletj\eletj.csproj" Description="Scan complete: Upgrade not required for project files.">
</Event></UpgradeLog>