<?xml version="1.0" encoding="UTF-8"?><?xml-stylesheet type='text/xsl' href='_UpgradeReport_Files/UpgradeReport.xslt'?><UpgradeLog>
<Properties><Property Name="Solution" Value="excelke">
</Property><Property Name="Solution File" Value="D:\Csp\excelke\excelke.sln">
</Property><Property Name="Date" Value="2009. december 27.">
</Property><Property Name="Time" Value="21:59">
</Property></Properties><Event ErrorLevel="0" Project="excelke" Source="excelke\excelke.csproj" Description="Project converted successfully">
</Event><Event ErrorLevel="3" Project="excelke" Source="excelke\excelke.csproj" Description="Converted">
</Event><Event ErrorLevel="0" Project="" Source="excelke.sln" Description="Solution converted successfully">
</Event><Event ErrorLevel="3" Project="" Source="excelke.sln" Description="Converted">
</Event><Event ErrorLevel="0" Project="excelke" Source="excelke\excelke.csproj" Description="Scan complete: Upgrade not required for project files.">
</Event></UpgradeLog>